Date,Time,Heart Rate,Body Temp,Bloody Pressure,,,,,,
01/01/2001,00:00:00,55,36.77,,,,,,,
01/01/2001,00:01:00,56,36.77,,,,,,,
01/01/2001,00:02:00,56,36.77,,,,,,,
01/01/2001,00:03:00,57,36.77,,,,,,Fast HR ,<100
01/01/2001,00:04:00,54,36.77,,,,,,Slow HR,>60
01/01/2001,00:05:00,54,36.77,,,,,,Sleep ,40-50
01/01/2001,00:06:00,53,36.77,,,,,,Body Temp,36.5-37.5
01/01/2001,00:07:00,56,36.77,,,,,,,
01/01/2001,00:08:00,57,36.77,,,,,,,
01/01/2001,00:09:00,55,36.77,,,,,3am,98.2,36.77
01/01/2001,00:10:00,56,36.77,,,,,6am,96.4,35.77
01/01/2001,00:11:00,56,36.77,,,,,9am,97.8,36.55
01/01/2001,00:12:00,57,36.77,,,,,12pm,98.6,37
01/01/2001,00:13:00,54,36.77,,,,,3pm,99,37.22
01/01/2001,00:14:00,54,36.77,,,,,6pm,99.4,37.44
01/01/2001,00:15:00,53,36.77,,,,,9pm,99.2,37.33
01/01/2001,00:16:00,56,36.77,,,,,12am,98.2,36.77
01/01/2001,00:17:00,57,36.77,,,,,,,
01/01/2001,00:18:00,55,36.77,,,,,,,
01/01/2001,00:19:00,56,36.77,,,,,,,
01/01/2001,00:20:00,56,36.77,,,,,,,
01/01/2001,00:21:00,57,36.77,,,,,,,
01/01/2001,00:22:00,54,36.77,,,,,,,
01/01/2001,00:23:00,54,36.77,,,,,,,
01/01/2001,00:24:00,53,36.77,,,,,,,
01/01/2001,00:25:00,56,36.77,,,,,,,
01/01/2001,00:26:00,57,36.77,,,,,,,
01/01/2001,00:27:00,55,36.77,,,,,,,
01/01/2001,00:28:00,56,36.77,,,,,,,
01/01/2001,00:29:00,56,36.77,,,,,,,
01/01/2001,00:30:00,57,36.77,,,,,,,
01/01/2001,00:31:00,54,36.77,,,,,,,
01/01/2001,00:32:00,54,36.77,,,,,,,
01/01/2001,00:33:00,53,36.77,,,,,,,
01/01/2001,00:34:00,56,36.77,,,,,,,
01/01/2001,00:35:00,57,36.77,,,,,,,
01/01/2001,00:36:00,55,36.77,,,,,,,
01/01/2001,00:37:00,56,36.77,,,,,,,
01/01/2001,00:38:00,56,36.77,,,,,,,
01/01/2001,00:39:00,57,36.77,,,,,,,
01/01/2001,00:40:00,54,36.77,,,,,,,
01/01/2001,00:41:00,54,36.77,,,,,,,
01/01/2001,00:42:00,53,36.77,,,,,,,
01/01/2001,00:43:00,56,36.77,,,,,,,
01/01/2001,00:44:00,57,36.77,,,,,,,
01/01/2001,00:45:00,55,36.77,,,,,,,
01/01/2001,00:46:00,56,36.77,,,,,,,
01/01/2001,00:47:00,56,36.77,,,,,,,
01/01/2001,00:48:00,57,36.77,,,,,,,
01/01/2001,00:49:00,54,36.77,,,,,,,
01/01/2001,00:50:00,54,36.77,,,,,,,
01/01/2001,00:51:00,53,36.77,,,,,,,
01/01/2001,00:52:00,56,36.77,,,,,,,
01/01/2001,00:53:00,57,36.77,,,,,,,
01/01/2001,00:54:00,55,36.77,,,,,,,
01/01/2001,00:55:00,56,36.77,,,,,,,
01/01/2001,00:56:00,56,36.77,,,,,,,
01/01/2001,00:57:00,57,36.77,,,,,,,
01/01/2001,00:58:00,54,36.77,,,,,,,
01/01/2001,00:59:00,54,36.77,,,,,,,
01/01/2001,01:00:00,53,36.77,,,,,,,
01/01/2001,01:01:00,56,36.77,,,,,,,
01/01/2001,01:02:00,57,36.77,,,,,,,
01/01/2001,01:03:00,55,36.77,,,,,,,
01/01/2001,01:04:00,56,36.77,,,,,,,
01/01/2001,01:05:00,56,36.77,,,,,,,
01/01/2001,01:06:00,57,36.77,,,,,,,
01/01/2001,01:07:00,54,36.77,,,,,,,
01/01/2001,01:08:00,54,36.77,,,,,,,
01/01/2001,01:09:00,53,36.77,,,,,,,
01/01/2001,01:10:00,56,36.77,,,,,,,
01/01/2001,01:11:00,57,36.77,,,,,,,
01/01/2001,01:12:00,55,36.77,,,,,,,
01/01/2001,01:13:00,56,36.77,,,,,,,
01/01/2001,01:14:00,56,36.77,,,,,,,
01/01/2001,01:15:00,57,36.77,,,,,,,
01/01/2001,01:16:00,54,36.77,,,,,,,
01/01/2001,01:17:00,54,36.77,,,,,,,
01/01/2001,01:18:00,53,36.77,,,,,,,
01/01/2001,01:19:00,56,36.77,,,,,,,
01/01/2001,01:20:00,57,36.77,,,,,,,
01/01/2001,01:21:00,55,36.77,,,,,,,
01/01/2001,01:22:00,56,36.77,,,,,,,
01/01/2001,01:23:00,56,36.77,,,,,,,
01/01/2001,01:24:00,57,36.77,,,,,,,
01/01/2001,01:25:00,54,36.77,,,,,,,
01/01/2001,01:26:00,54,36.77,,,,,,,
01/01/2001,01:27:00,53,36.77,,,,,,,
01/01/2001,01:28:00,56,36.77,,,,,,,
01/01/2001,01:29:00,57,36.77,,,,,,,
01/01/2001,01:30:00,55,36.77,,,,,,,
01/01/2001,01:31:00,56,36.77,,,,,,,
01/01/2001,01:32:00,56,36.77,,,,,,,
01/01/2001,01:33:00,57,36.77,,,,,,,
01/01/2001,01:34:00,54,36.77,,,,,,,
01/01/2001,01:35:00,54,36.77,,,,,,,
01/01/2001,01:36:00,53,36.77,,,,,,,
01/01/2001,01:37:00,56,36.77,,,,,,,
01/01/2001,01:38:00,57,36.77,,,,,,,
01/01/2001,01:39:00,55,36.77,,,,,,,
01/01/2001,01:40:00,56,36.77,,,,,,,
01/01/2001,01:41:00,56,36.77,,,,,,,
01/01/2001,01:42:00,57,36.77,,,,,,,
01/01/2001,01:43:00,54,36.77,,,,,,,
01/01/2001,01:44:00,54,36.77,,,,,,,
01/01/2001,01:45:00,53,36.77,,,,,,,
01/01/2001,01:46:00,56,36.77,,,,,,,
01/01/2001,01:47:00,57,36.77,,,,,,,
01/01/2001,01:48:00,55,36.77,,,,,,,
01/01/2001,01:49:00,56,36.77,,,,,,,
01/01/2001,01:50:00,56,36.77,,,,,,,
01/01/2001,01:51:00,57,36.77,,,,,,,
01/01/2001,01:52:00,54,36.77,,,,,,,
01/01/2001,01:53:00,54,36.77,,,,,,,
01/01/2001,01:54:00,53,36.77,,,,,,,
01/01/2001,01:55:00,56,36.77,,,,,,,
01/01/2001,01:56:00,57,36.77,,,,,,,
01/01/2001,01:57:00,55,36.77,,,,,,,
01/01/2001,01:58:00,56,36.77,,,,,,,
01/01/2001,01:59:00,56,36.77,,,,,,,
01/01/2001,02:00:00,57,36.77,,,,,,,
01/01/2001,02:01:00,54,36.77,,,,,,,
01/01/2001,02:02:00,54,36.77,,,,,,,
01/01/2001,02:03:00,53,36.77,,,,,,,
01/01/2001,02:04:00,56,36.77,,,,,,,
01/01/2001,02:05:00,57,36.77,,,,,,,
01/01/2001,02:06:00,55,36.77,,,,,,,
01/01/2001,02:07:00,56,36.77,,,,,,,
01/01/2001,02:08:00,56,36.77,,,,,,,
01/01/2001,02:09:00,57,36.77,,,,,,,
01/01/2001,02:10:00,54,36.77,,,,,,,
01/01/2001,02:11:00,54,36.77,,,,,,,
01/01/2001,02:12:00,53,36.77,,,,,,,
01/01/2001,02:13:00,56,36.77,,,,,,,
01/01/2001,02:14:00,57,36.77,,,,,,,
01/01/2001,02:15:00,55,36.77,,,,,,,
01/01/2001,02:16:00,56,36.77,,,,,,,
01/01/2001,02:17:00,56,36.77,,,,,,,
01/01/2001,02:18:00,57,36.77,,,,,,,
01/01/2001,02:19:00,54,36.77,,,,,,,
01/01/2001,02:20:00,54,36.77,,,,,,,
01/01/2001,02:21:00,53,36.77,,,,,,,
01/01/2001,02:22:00,56,36.77,,,,,,,
01/01/2001,02:23:00,57,36.77,,,,,,,
01/01/2001,02:24:00,55,36.77,,,,,,,
01/01/2001,02:25:00,56,36.77,,,,,,,
01/01/2001,02:26:00,56,36.77,,,,,,,
01/01/2001,02:27:00,57,36.77,,,,,,,
01/01/2001,02:28:00,54,36.77,,,,,,,
01/01/2001,02:29:00,54,36.77,,,,,,,
01/01/2001,02:30:00,53,36.77,,,,,,,
01/01/2001,02:31:00,56,36.77,,,,,,,
01/01/2001,02:32:00,57,36.77,,,,,,,
01/01/2001,02:33:00,55,36.77,,,,,,,
01/01/2001,02:34:00,56,36.77,,,,,,,
01/01/2001,02:35:00,56,36.77,,,,,,,
01/01/2001,02:36:00,57,36.77,,,,,,,
01/01/2001,02:37:00,54,36.77,,,,,,,
01/01/2001,02:38:00,54,36.77,,,,,,,
01/01/2001,02:39:00,53,36.77,,,,,,,
01/01/2001,02:40:00,56,36.77,,,,,,,
01/01/2001,02:41:00,57,36.77,,,,,,,
01/01/2001,02:42:00,55,36.77,,,,,,,
01/01/2001,02:43:00,56,36.77,,,,,,,
01/01/2001,02:44:00,56,36.77,,,,,,,
01/01/2001,02:45:00,57,36.77,,,,,,,
01/01/2001,02:46:00,54,36.77,,,,,,,
01/01/2001,02:47:00,54,36.77,,,,,,,
01/01/2001,02:48:00,53,36.77,,,,,,,
01/01/2001,02:49:00,56,36.77,,,,,,,
01/01/2001,02:50:00,57,36.77,,,,,,,
01/01/2001,02:51:00,55,36.77,,,,,,,
01/01/2001,02:52:00,56,36.77,,,,,,,
01/01/2001,02:53:00,56,36.77,,,,,,,
01/01/2001,02:54:00,57,36.77,,,,,,,
01/01/2001,02:55:00,54,36.77,,,,,,,
01/01/2001,02:56:00,54,36.77,,,,,,,
01/01/2001,02:57:00,53,36.77,,,,,,,
01/01/2001,02:58:00,56,36.77,,,,,,,
01/01/2001,02:59:00,57,36.77,,,,,,,
01/01/2001,03:00:00,55,36.77,,,,,,,
01/01/2001,03:01:00,56,36.77,,,,,,,
01/01/2001,03:02:00,56,36.77,,,,,,,
01/01/2001,03:03:00,57,36.77,,,,,,,
01/01/2001,03:04:00,54,36.77,,,,,,,
01/01/2001,03:05:00,54,36.77,,,,,,,
01/01/2001,03:06:00,53,36.77,,,,,,,
01/01/2001,03:07:00,56,36.77,,,,,,,
01/01/2001,03:08:00,57,36.77,,,,,,,
01/01/2001,03:09:00,55,36.77,,,,,,,
01/01/2001,03:10:00,56,36.77,,,,,,,
01/01/2001,03:11:00,56,36.77,,,,,,,
01/01/2001,03:12:00,57,36.77,,,,,,,
01/01/2001,03:13:00,54,36.77,,,,,,,
01/01/2001,03:14:00,54,36.77,,,,,,,
01/01/2001,03:15:00,53,36.77,,,,,,,
01/01/2001,03:16:00,56,36.77,,,,,,,
01/01/2001,03:17:00,57,36.77,,,,,,,
01/01/2001,03:18:00,55,36.77,,,,,,,
01/01/2001,03:19:00,56,36.77,,,,,,,
01/01/2001,03:20:00,56,36.77,,,,,,,
01/01/2001,03:21:00,57,36.77,,,,,,,
01/01/2001,03:22:00,54,36.77,,,,,,,
01/01/2001,03:23:00,54,36.77,,,,,,,
01/01/2001,03:24:00,53,36.77,,,,,,,
01/01/2001,03:25:00,56,36.77,,,,,,,
01/01/2001,03:26:00,57,36.77,,,,,,,
01/01/2001,03:27:00,55,36.77,,,,,,,
01/01/2001,03:28:00,56,36.77,,,,,,,
01/01/2001,03:29:00,56,36.77,,,,,,,
01/01/2001,03:30:00,57,36.77,,,,,,,
01/01/2001,03:31:00,54,36.77,,,,,,,
01/01/2001,03:32:00,54,36.77,,,,,,,
01/01/2001,03:33:00,53,36.77,,,,,,,
01/01/2001,03:34:00,56,36.77,,,,,,,
01/01/2001,03:35:00,57,36.77,,,,,,,
01/01/2001,03:36:00,55,36.77,,,,,,,
01/01/2001,03:37:00,56,36.77,,,,,,,
01/01/2001,03:38:00,56,36.77,,,,,,,
01/01/2001,03:39:00,57,36.77,,,,,,,
01/01/2001,03:40:00,54,36.77,,,,,,,
01/01/2001,03:41:00,54,36.77,,,,,,,
01/01/2001,03:42:00,53,36.77,,,,,,,
01/01/2001,03:43:00,56,36.77,,,,,,,
01/01/2001,03:44:00,57,36.77,,,,,,,
01/01/2001,03:45:00,55,36.77,,,,,,,
01/01/2001,03:46:00,56,36.77,,,,,,,
01/01/2001,03:47:00,56,36.77,,,,,,,
01/01/2001,03:48:00,57,36.77,,,,,,,
01/01/2001,03:49:00,54,36.77,,,,,,,
01/01/2001,03:50:00,54,36.77,,,,,,,
01/01/2001,03:51:00,53,36.77,,,,,,,
01/01/2001,03:52:00,56,36.77,,,,,,,
01/01/2001,03:53:00,57,36.77,,,,,,,
01/01/2001,03:54:00,55,36.77,,,,,,,
01/01/2001,03:55:00,56,36.77,,,,,,,
01/01/2001,03:56:00,56,36.77,,,,,,,
01/01/2001,03:57:00,57,36.77,,,,,,,
01/01/2001,03:58:00,54,36.77,,,,,,,
01/01/2001,03:59:00,54,36.77,,,,,,,
01/01/2001,04:00:00,53,36.77,,,,,,,
01/01/2001,04:01:00,56,36.77,,,,,,,
01/01/2001,04:02:00,57,36.77,,,,,,,
01/01/2001,04:03:00,55,36.77,,,,,,,
01/01/2001,04:04:00,56,36.77,,,,,,,
01/01/2001,04:05:00,56,36.77,,,,,,,
01/01/2001,04:06:00,57,36.77,,,,,,,
01/01/2001,04:07:00,54,36.77,,,,,,,
01/01/2001,04:08:00,54,36.77,,,,,,,
01/01/2001,04:09:00,53,36.77,,,,,,,
01/01/2001,04:10:00,56,36.77,,,,,,,
01/01/2001,04:11:00,57,36.77,,,,,,,
01/01/2001,04:12:00,55,36.77,,,,,,,
01/01/2001,04:13:00,56,36.77,,,,,,,
01/01/2001,04:14:00,56,36.77,,,,,,,
01/01/2001,04:15:00,57,36.77,,,,,,,
01/01/2001,04:16:00,54,36.77,,,,,,,
01/01/2001,04:17:00,54,36.77,,,,,,,
01/01/2001,04:18:00,53,36.77,,,,,,,
01/01/2001,04:19:00,56,36.77,,,,,,,
01/01/2001,04:20:00,57,36.77,,,,,,,
01/01/2001,04:21:00,55,36.77,,,,,,,
01/01/2001,04:22:00,56,36.77,,,,,,,
01/01/2001,04:23:00,56,36.77,,,,,,,
01/01/2001,04:24:00,57,36.77,,,,,,,
01/01/2001,04:25:00,54,36.77,,,,,,,
01/01/2001,04:26:00,54,36.77,,,,,,,
01/01/2001,04:27:00,53,36.77,,,,,,,
01/01/2001,04:28:00,56,36.77,,,,,,,
01/01/2001,04:29:00,57,36.77,,,,,,,
01/01/2001,04:30:00,55,36.77,,,,,,,
01/01/2001,04:31:00,56,36.77,,,,,,,
01/01/2001,04:32:00,56,36.77,,,,,,,
01/01/2001,04:33:00,57,36.77,,,,,,,
01/01/2001,04:34:00,54,36.77,,,,,,,
01/01/2001,04:35:00,54,36.77,,,,,,,
01/01/2001,04:36:00,53,36.77,,,,,,,
01/01/2001,04:37:00,56,36.77,,,,,,,
01/01/2001,04:38:00,57,36.77,,,,,,,
01/01/2001,04:39:00,55,36.77,,,,,,,
01/01/2001,04:40:00,56,36.77,,,,,,,
01/01/2001,04:41:00,56,36.77,,,,,,,
01/01/2001,04:42:00,57,36.77,,,,,,,
01/01/2001,04:43:00,54,36.77,,,,,,,
01/01/2001,04:44:00,54,36.77,,,,,,,
01/01/2001,04:45:00,53,36.77,,,,,,,
01/01/2001,04:46:00,56,36.77,,,,,,,
01/01/2001,04:47:00,57,36.77,,,,,,,
01/01/2001,04:48:00,55,36.77,,,,,,,
01/01/2001,04:49:00,56,36.77,,,,,,,
01/01/2001,04:50:00,56,36.77,,,,,,,
01/01/2001,04:51:00,57,36.77,,,,,,,
01/01/2001,04:52:00,54,36.77,,,,,,,
01/01/2001,04:53:00,54,36.77,,,,,,,
01/01/2001,04:54:00,53,36.77,,,,,,,
01/01/2001,04:55:00,56,36.77,,,,,,,
01/01/2001,04:56:00,57,36.77,,,,,,,
01/01/2001,04:57:00,55,36.77,,,,,,,
01/01/2001,04:58:00,56,36.77,,,,,,,
01/01/2001,04:59:00,56,36.77,,,,,,,
01/01/2001,05:00:00,57,36.77,,,,,,,
01/01/2001,05:01:00,54,36.77,,,,,,,
01/01/2001,05:02:00,54,36.77,,,,,,,
01/01/2001,05:03:00,53,36.77,,,,,,,
01/01/2001,05:04:00,56,36.77,,,,,,,
01/01/2001,05:05:00,57,36.77,,,,,,,
01/01/2001,05:06:00,55,36.77,,,,,,,
01/01/2001,05:07:00,56,36.77,,,,,,,
01/01/2001,05:08:00,56,36.77,,,,,,,
01/01/2001,05:09:00,57,36.77,,,,,,,
01/01/2001,05:10:00,54,36.77,,,,,,,
01/01/2001,05:11:00,54,36.77,,,,,,,
01/01/2001,05:12:00,53,36.77,,,,,,,
01/01/2001,05:13:00,56,36.77,,,,,,,
01/01/2001,05:14:00,57,36.77,,,,,,,
01/01/2001,05:15:00,55,36.77,,,,,,,
01/01/2001,05:16:00,56,36.77,,,,,,,
01/01/2001,05:17:00,56,36.77,,,,,,,
01/01/2001,05:18:00,57,36.77,,,,,,,
01/01/2001,05:19:00,54,35.77,,,,,,,
01/01/2001,05:20:00,54,35.77,,,,,,,
01/01/2001,05:21:00,53,35.77,,,,,,,
01/01/2001,05:22:00,56,35.77,,,,,,,
01/01/2001,05:23:00,57,35.77,,,,,,,
01/01/2001,05:24:00,55,35.77,,,,,,,
01/01/2001,05:25:00,56,35.77,,,,,,,
01/01/2001,05:26:00,56,35.77,,,,,,,
01/01/2001,05:27:00,57,35.77,,,,,,,
01/01/2001,05:28:00,54,35.77,,,,,,,
01/01/2001,05:29:00,54,35.77,,,,,,,
01/01/2001,05:30:00,53,35.77,,,,,,,
01/01/2001,05:31:00,56,35.77,,,,,,,
01/01/2001,05:32:00,57,35.77,,,,,,,
01/01/2001,05:33:00,55,35.77,,,,,,,
01/01/2001,05:34:00,56,35.77,,,,,,,
01/01/2001,05:35:00,56,35.77,,,,,,,
01/01/2001,05:36:00,57,35.77,,,,,,,
01/01/2001,05:37:00,54,35.77,,,,,,,
01/01/2001,05:38:00,54,35.77,,,,,,,
01/01/2001,05:39:00,53,35.77,,,,,,,
01/01/2001,05:40:00,56,35.77,,,,,,,
01/01/2001,05:41:00,57,35.77,,,,,,,
01/01/2001,05:42:00,55,35.77,,,,,,,
01/01/2001,05:43:00,56,35.77,,,,,,,
01/01/2001,05:44:00,56,35.77,,,,,,,
01/01/2001,05:45:00,57,35.77,,,,,,,
01/01/2001,05:46:00,54,35.77,,,,,,,
01/01/2001,05:47:00,54,35.77,,,,,,,
01/01/2001,05:48:00,53,35.77,,,,,,,
01/01/2001,05:49:00,56,35.77,,,,,,,
01/01/2001,05:50:00,57,35.77,,,,,,,
01/01/2001,05:51:00,55,35.77,,,,,,,
01/01/2001,05:52:00,56,35.77,,,,,,,
01/01/2001,05:53:00,56,35.77,,,,,,,
01/01/2001,05:54:00,57,35.77,,,,,,,
01/01/2001,05:55:00,54,35.77,,,,,,,
01/01/2001,05:56:00,54,35.77,,,,,,,
01/01/2001,05:57:00,53,35.77,,,,,,,
01/01/2001,05:58:00,56,35.77,,,,,,,
01/01/2001,05:59:00,57,35.77,,,,,,,
01/01/2001,06:00:00,55,35.77,,,,,,,
01/01/2001,06:01:00,56,35.77,,,,,,,
01/01/2001,06:02:00,56,35.77,,,,,,,
01/01/2001,06:03:00,57,35.77,,,,,,,
01/01/2001,06:04:00,54,35.77,,,,,,,
01/01/2001,06:05:00,54,35.77,,,,,,,
01/01/2001,06:06:00,53,35.77,,,,,,,
01/01/2001,06:07:00,56,35.77,,,,,,,
01/01/2001,06:08:00,57,35.77,,,,,,,
01/01/2001,06:09:00,55,35.77,,,,,,,
01/01/2001,06:10:00,56,35.77,,,,,,,
01/01/2001,06:11:00,56,35.77,,,,,,,
01/01/2001,06:12:00,57,35.77,,,,,,,
01/01/2001,06:13:00,54,35.77,,,,,,,
01/01/2001,06:14:00,54,35.77,,,,,,,
01/01/2001,06:15:00,53,35.77,,,,,,,
01/01/2001,06:16:00,56,35.77,,,,,,,
01/01/2001,06:17:00,57,35.77,,,,,,,
01/01/2001,06:18:00,55,35.77,,,,,,,
01/01/2001,06:19:00,56,35.77,,,,,,,
01/01/2001,06:20:00,56,35.77,,,,,,,
01/01/2001,06:21:00,57,35.77,,,,,,,
01/01/2001,06:22:00,54,35.77,,,,,,,
01/01/2001,06:23:00,54,35.77,,,,,,,
01/01/2001,06:24:00,53,35.77,,,,,,,
01/01/2001,06:25:00,56,35.77,,,,,,,
01/01/2001,06:26:00,57,35.77,,,,,,,
01/01/2001,06:27:00,55,35.77,,,,,,,
01/01/2001,06:28:00,56,35.77,,,,,,,
01/01/2001,06:29:00,56,35.77,,,,,,,
01/01/2001,06:30:00,57,35.77,,,,,,,
01/01/2001,06:31:00,54,35.77,,,,,,,
01/01/2001,06:32:00,54,35.77,,,,,,,
01/01/2001,06:33:00,53,35.77,,,,,,,
01/01/2001,06:34:00,56,35.77,,,,,,,
01/01/2001,06:35:00,57,35.77,,,,,,,
01/01/2001,06:36:00,55,35.77,,,,,,,
01/01/2001,06:37:00,56,35.77,,,,,,,
01/01/2001,06:38:00,56,35.77,,,,,,,
01/01/2001,06:39:00,57,35.77,,,,,,,
01/01/2001,06:40:00,54,35.77,,,,,,,
01/01/2001,06:41:00,54,35.77,,,,,,,
01/01/2001,06:42:00,53,35.77,,,,,,,
01/01/2001,06:43:00,56,35.77,,,,,,,
01/01/2001,06:44:00,57,35.77,,,,,,,
01/01/2001,06:45:00,63,35.77,,,,,,,
01/01/2001,06:46:00,62,35.77,,,,,,,
01/01/2001,06:47:00,65,35.77,,,,,,,
01/01/2001,06:48:00,66,35.77,,,,,,,
01/01/2001,06:49:00,65,35.77,,,,,,,
01/01/2001,06:50:00,56,35.77,,,,,,,
01/01/2001,06:51:00,63,35.77,,,,,,,
01/01/2001,06:52:00,62,35.77,,,,,,,
01/01/2001,06:53:00,64,35.77,,,,,,,
01/01/2001,06:54:00,67,35.77,,,,,,,
01/01/2001,06:55:00,66,35.77,,,,,,,
01/01/2001,06:56:00,67,35.77,,,,,,,
01/01/2001,06:57:00,65,35.77,,,,,,,
01/01/2001,06:58:00,68,35.77,,,,,,,
01/01/2001,06:59:00,68,35.77,,,,,,,
01/01/2001,07:00:00,67,35.77,,,,,,,
01/01/2001,07:01:00,67,35.77,,,,,,,
01/01/2001,07:02:00,67,35.77,,,,,,,
01/01/2001,07:03:00,77,35.77,,,,,,,
01/01/2001,07:04:00,77,35.77,,,,,,,
01/01/2001,07:05:00,76,35.77,,,,,,,
01/01/2001,07:06:00,76,35.77,,,,,,,
01/01/2001,07:07:00,75,35.77,,,,,,,
01/01/2001,07:08:00,78,35.77,,,,,,,
01/01/2001,07:09:00,77,35.77,,,,,,,
01/01/2001,07:10:00,79,35.77,,,,,,,
01/01/2001,07:11:00,65,35.77,,,,,,,
01/01/2001,07:12:00,67,35.77,,,,,,,
01/01/2001,07:13:00,78,35.77,,,,,,,
01/01/2001,07:14:00,60,35.77,,,,,,,
01/01/2001,07:15:00,63,35.77,,,,,,,
01/01/2001,07:16:00,63,35.77,,,,,,,
01/01/2001,07:17:00,65,35.77,,,,,,,
01/01/2001,07:18:00,67,35.77,,,,,,,
01/01/2001,07:19:00,67,35.77,,,,,,,
01/01/2001,07:20:00,63,35.77,,,,,,,
01/01/2001,07:21:00,62,35.77,,,,,,,
01/01/2001,07:22:00,64,35.77,,,,,,,
01/01/2001,07:23:00,67,35.77,,,,,,,
01/01/2001,07:24:00,66,35.77,,,,,,,
01/01/2001,07:25:00,67,35.77,,,,,,,
01/01/2001,07:26:00,65,35.77,,,,,,,
01/01/2001,07:27:00,68,35.77,,,,,,,
01/01/2001,07:28:00,68,35.77,,,,,,,
01/01/2001,07:29:00,67,35.77,,,,,,,
01/01/2001,07:30:00,67,35.77,,,,,,,
01/01/2001,07:31:00,67,35.77,,,,,,,
01/01/2001,07:32:00,77,35.77,,,,,,,
01/01/2001,07:33:00,77,35.77,,,,,,,
01/01/2001,07:34:00,76,35.77,,,,,,,
01/01/2001,07:35:00,76,35.77,,,,,,,
01/01/2001,07:36:00,75,35.77,,,,,,,
01/01/2001,07:37:00,78,35.77,,,,,,,
01/01/2001,07:38:00,77,35.77,,,,,,,
01/01/2001,07:39:00,79,35.77,,,,,,,
01/01/2001,07:40:00,65,35.77,,,,,,,
01/01/2001,07:41:00,67,35.77,,,,,,,
01/01/2001,07:42:00,78,35.77,,,,,,,
01/01/2001,07:43:00,60,35.77,,,,,,,
01/01/2001,07:44:00,63,35.77,,,,,,,
01/01/2001,07:45:00,63,35.77,,,,,,,
01/01/2001,07:46:00,65,35.77,,,,,,,
01/01/2001,07:47:00,67,35.77,,,,,,,
01/01/2001,07:48:00,67,35.77,,,,,,,
01/01/2001,07:49:00,63,35.77,,,,,,,
01/01/2001,07:50:00,62,35.77,,,,,,,
01/01/2001,07:51:00,64,35.77,,,,,,,
01/01/2001,07:52:00,67,35.77,,,,,,,
01/01/2001,07:53:00,66,35.77,,,,,,,
01/01/2001,07:54:00,67,35.77,,,,,,,
01/01/2001,07:55:00,65,35.77,,,,,,,
01/01/2001,07:56:00,68,35.77,,,,,,,
01/01/2001,07:57:00,68,35.77,,,,,,,
01/01/2001,07:58:00,67,35.77,,,,,,,
01/01/2001,07:59:00,67,35.77,,,,,,,
01/01/2001,08:00:00,67,35.77,,,,,,,
01/01/2001,08:01:00,77,35.77,,,,,,,
01/01/2001,08:02:00,77,35.77,,,,,,,
01/01/2001,08:03:00,76,35.77,,,,,,,
01/01/2001,08:04:00,76,35.77,,,,,,,
01/01/2001,08:05:00,75,35.77,,,,,,,
01/01/2001,08:06:00,78,35.77,,,,,,,
01/01/2001,08:07:00,77,35.77,,,,,,,
01/01/2001,08:08:00,79,35.77,,,,,,,
01/01/2001,08:09:00,65,35.77,,,,,,,
01/01/2001,08:10:00,67,35.77,,,,,,,
01/01/2001,08:11:00,78,35.77,,,,,,,
01/01/2001,08:12:00,60,35.77,,,,,,,
01/01/2001,08:13:00,63,35.77,,,,,,,
01/01/2001,08:14:00,63,35.77,,,,,,,
01/01/2001,08:15:00,65,35.77,,,,,,,
01/01/2001,08:16:00,67,35.77,,,,,,,
01/01/2001,08:17:00,67,35.77,,,,,,,
01/01/2001,08:18:00,80,35.77,,,,,,,
01/01/2001,08:19:00,81,35.77,,,,,,,
01/01/2001,08:20:00,82,35.77,,,,,,,
01/01/2001,08:21:00,80,35.77,,,,,,,
01/01/2001,08:22:00,79,35.77,,,,,,,
01/01/2001,08:23:00,83,35.77,,,,,,,
01/01/2001,08:24:00,78,35.77,,,,,,,
01/01/2001,08:25:00,67,35.77,,,,,,,
01/01/2001,08:26:00,78,35.77,,,,,,,
01/01/2001,08:27:00,60,35.77,,,,,,,
01/01/2001,08:28:00,63,35.77,,,,,,,
01/01/2001,08:29:00,63,35.77,,,,,,,
01/01/2001,08:30:00,65,35.77,,,,,,,
01/01/2001,08:31:00,67,35.77,,,,,,,
01/01/2001,08:32:00,67,35.77,,,,,,,
01/01/2001,08:33:00,80,35.77,,,,,,,
01/01/2001,08:34:00,81,35.77,,,,,,,
01/01/2001,08:35:00,82,35.77,,,,,,,
01/01/2001,08:36:00,80,35.77,,,,,,,
01/01/2001,08:37:00,79,35.77,,,,,,,
01/01/2001,08:38:00,83,35.77,,,,,,,
01/01/2001,08:39:00,78,35.77,,,,,,,
01/01/2001,08:40:00,67,35.77,,,,,,,
01/01/2001,08:41:00,78,35.77,,,,,,,
01/01/2001,08:42:00,60,35.77,,,,,,,
01/01/2001,08:43:00,63,35.77,,,,,,,
01/01/2001,08:44:00,63,35.77,,,,,,,
01/01/2001,08:45:00,65,35.77,,,,,,,
01/01/2001,08:46:00,67,35.77,,,,,,,
01/01/2001,08:47:00,67,35.77,,,,,,,
01/01/2001,08:48:00,80,35.77,,,,,,,
01/01/2001,08:49:00,81,35.77,,,,,,,
01/01/2001,08:50:00,82,35.77,,,,,,,
01/01/2001,08:51:00,80,35.77,,,,,,,
01/01/2001,08:52:00,79,35.77,,,,,,,
01/01/2001,08:53:00,83,35.77,,,,,,,
01/01/2001,08:54:00,78,35.77,,,,,,,
01/01/2001,08:55:00,88,35.77,,,,,,,
01/01/2001,08:56:00,87,35.77,,,,,,,
01/01/2001,08:57:00,89,35.77,,,,,,,
01/01/2001,08:58:00,85,35.77,,,,,,,
01/01/2001,08:59:00,76,35.77,,,,,,,
01/01/2001,09:00:00,89,35.77,,,,,,,
01/01/2001,09:01:00,87,35.77,,,,,,,
01/01/2001,09:02:00,89,35.77,,,,,,,
01/01/2001,09:03:00,90,35.77,,,,,,,
01/01/2001,09:04:00,91,35.77,,,,,,,
01/01/2001,09:05:00,87,35.77,,,,,,,
01/01/2001,09:06:00,86,35.77,,,,,,,
01/01/2001,09:07:00,84,35.77,,,,,,,
01/01/2001,09:08:00,89,35.77,,,,,,,
01/01/2001,09:09:00,90,35.77,,,,,,,
01/01/2001,09:10:00,90,35.77,,,,,,,
01/01/2001,09:11:00,91,35.77,,,,,,,
01/01/2001,09:12:00,83,35.77,,,,,,,
01/01/2001,09:13:00,78,35.77,,,,,,,
01/01/2001,09:14:00,88,35.77,,,,,,,
01/01/2001,09:15:00,87,35.77,,,,,,,
01/01/2001,09:16:00,89,35.77,,,,,,,
01/01/2001,09:17:00,85,35.77,,,,,,,
01/01/2001,09:18:00,76,35.77,,,,,,,
01/01/2001,09:19:00,89,35.77,,,,,,,
01/01/2001,09:20:00,87,35.77,,,,,,,
01/01/2001,09:21:00,89,35.77,,,,,,,
01/01/2001,09:22:00,90,35.77,,,,,,,
01/01/2001,09:23:00,91,35.77,,,,,,,
01/01/2001,09:24:00,87,35.77,,,,,,,
01/01/2001,09:25:00,86,35.77,,,,,,,
01/01/2001,09:26:00,84,35.77,,,,,,,
01/01/2001,09:27:00,89,35.77,,,,,,,
01/01/2001,09:28:00,90,35.77,,,,,,,
01/01/2001,09:29:00,90,35.77,,,,,,,
01/01/2001,09:30:00,91,35.77,,,,,,,
01/01/2001,09:31:00,83,35.77,,,,,,,
01/01/2001,09:32:00,78,35.77,,,,,,,
01/01/2001,09:33:00,88,35.77,,,,,,,
01/01/2001,09:34:00,87,35.77,,,,,,,
01/01/2001,09:35:00,89,35.77,,,,,,,
01/01/2001,09:36:00,85,35.77,,,,,,,
01/01/2001,09:37:00,76,35.77,,,,,,,
01/01/2001,09:38:00,89,35.77,,,,,,,
01/01/2001,09:39:00,87,35.77,,,,,,,
01/01/2001,09:40:00,89,35.77,,,,,,,
01/01/2001,09:41:00,90,35.77,,,,,,,
01/01/2001,09:42:00,91,35.77,,,,,,,
01/01/2001,09:43:00,87,35.77,,,,,,,
01/01/2001,09:44:00,86,35.77,,,,,,,
01/01/2001,09:45:00,84,35.77,,,,,,,
01/01/2001,09:46:00,89,35.77,,,,,,,
01/01/2001,09:47:00,90,35.77,,,,,,,
01/01/2001,09:48:00,90,35.77,,,,,,,
01/01/2001,09:49:00,91,35.77,,,,,,,
01/01/2001,09:50:00,83,35.77,,,,,,,
01/01/2001,09:51:00,78,35.77,,,,,,,
01/01/2001,09:52:00,88,35.77,,,,,,,
01/01/2001,09:53:00,87,35.77,,,,,,,
01/01/2001,09:54:00,89,35.77,,,,,,,
01/01/2001,09:55:00,85,36.55,,,,,,,
01/01/2001,09:56:00,76,36.55,,,,,,,
01/01/2001,09:57:00,89,36.55,,,,,,,
01/01/2001,09:58:00,87,36.55,,,,,,,
01/01/2001,09:59:00,89,36.55,,,,,,,
01/01/2001,10:00:00,90,36.55,,,,,,,
01/01/2001,10:01:00,91,36.55,,,,,,,
01/01/2001,10:02:00,87,36.55,,,,,,,
01/01/2001,10:03:00,86,36.55,,,,,,,
01/01/2001,10:04:00,84,36.55,,,,,,,
01/01/2001,10:05:00,89,36.55,,,,,,,
01/01/2001,10:06:00,90,36.55,,,,,,,
01/01/2001,10:07:00,90,36.55,,,,,,,
01/01/2001,10:08:00,91,36.55,,,,,,,
01/01/2001,10:09:00,83,36.55,,,,,,,
01/01/2001,10:10:00,78,36.55,,,,,,,
01/01/2001,10:11:00,88,36.55,,,,,,,
01/01/2001,10:12:00,87,36.55,,,,,,,
01/01/2001,10:13:00,89,36.55,,,,,,,
01/01/2001,10:14:00,85,36.55,,,,,,,
01/01/2001,10:15:00,76,36.55,,,,,,,
01/01/2001,10:16:00,89,36.55,,,,,,,
01/01/2001,10:17:00,87,36.55,,,,,,,
01/01/2001,10:18:00,89,36.55,,,,,,,
01/01/2001,10:19:00,90,36.55,,,,,,,
01/01/2001,10:20:00,91,36.55,,,,,,,
01/01/2001,10:21:00,87,36.55,,,,,,,
01/01/2001,10:22:00,86,36.55,,,,,,,
01/01/2001,10:23:00,84,36.55,,,,,,,
01/01/2001,10:24:00,89,36.55,,,,,,,
01/01/2001,10:25:00,90,36.55,,,,,,,
01/01/2001,10:26:00,90,36.55,,,,,,,
01/01/2001,10:27:00,91,36.55,,,,,,,
01/01/2001,10:28:00,83,36.55,,,,,,,
01/01/2001,10:29:00,78,36.55,,,,,,,
01/01/2001,10:30:00,88,36.55,,,,,,,
01/01/2001,10:31:00,87,36.55,,,,,,,
01/01/2001,10:32:00,89,36.55,,,,,,,
01/01/2001,10:33:00,85,36.55,,,,,,,
01/01/2001,10:34:00,76,36.55,,,,,,,
01/01/2001,10:35:00,89,36.55,,,,,,,
01/01/2001,10:36:00,87,36.55,,,,,,,
01/01/2001,10:37:00,89,36.55,,,,,,,
01/01/2001,10:38:00,90,36.55,,,,,,,
01/01/2001,10:39:00,91,36.55,,,,,,,
01/01/2001,10:40:00,87,36.55,,,,,,,
01/01/2001,10:41:00,86,36.55,,,,,,,
01/01/2001,10:42:00,84,36.55,,,,,,,
01/01/2001,10:43:00,89,36.55,,,,,,,
01/01/2001,10:44:00,90,36.55,,,,,,,
01/01/2001,10:45:00,90,36.55,,,,,,,
01/01/2001,10:46:00,91,36.55,,,,,,,
01/01/2001,10:47:00,83,36.55,,,,,,,
01/01/2001,10:48:00,78,36.55,,,,,,,
01/01/2001,10:49:00,88,36.55,,,,,,,
01/01/2001,10:50:00,87,36.55,,,,,,,
01/01/2001,10:51:00,89,36.55,,,,,,,
01/01/2001,10:52:00,85,36.55,,,,,,,
01/01/2001,10:53:00,76,36.55,,,,,,,
01/01/2001,10:54:00,89,36.55,,,,,,,
01/01/2001,10:55:00,87,36.55,,,,,,,
01/01/2001,10:56:00,89,36.55,,,,,,,
01/01/2001,10:57:00,90,36.55,,,,,,,
01/01/2001,10:58:00,91,36.55,,,,,,,
01/01/2001,10:59:00,87,36.55,,,,,,,
01/01/2001,11:00:00,86,36.55,,,,,,,
01/01/2001,11:01:00,84,36.55,,,,,,,
01/01/2001,11:02:00,89,36.55,,,,,,,
01/01/2001,11:03:00,90,36.55,,,,,,,
01/01/2001,11:04:00,90,36.55,,,,,,,
01/01/2001,11:05:00,91,36.55,,,,,,,
01/01/2001,11:06:00,83,36.55,,,,,,,
01/01/2001,11:07:00,78,36.55,,,,,,,
01/01/2001,11:08:00,88,36.55,,,,,,,
01/01/2001,11:09:00,87,36.55,,,,,,,
01/01/2001,11:10:00,89,36.55,,,,,,,
01/01/2001,11:11:00,85,36.55,,,,,,,
01/01/2001,11:12:00,76,36.55,,,,,,,
01/01/2001,11:13:00,89,36.55,,,,,,,
01/01/2001,11:14:00,87,36.55,,,,,,,
01/01/2001,11:15:00,89,36.55,,,,,,,
01/01/2001,11:16:00,90,36.55,,,,,,,
01/01/2001,11:17:00,91,36.55,,,,,,,
01/01/2001,11:18:00,87,36.55,,,,,,,
01/01/2001,11:19:00,86,36.55,,,,,,,
01/01/2001,11:20:00,84,36.55,,,,,,,
01/01/2001,11:21:00,89,36.55,,,,,,,
01/01/2001,11:22:00,90,36.55,,,,,,,
01/01/2001,11:23:00,90,36.55,,,,,,,
01/01/2001,11:24:00,91,36.55,,,,,,,
01/01/2001,11:25:00,83,36.55,,,,,,,
01/01/2001,11:26:00,78,36.55,,,,,,,
01/01/2001,11:27:00,88,36.55,,,,,,,
01/01/2001,11:28:00,87,36.55,,,,,,,
01/01/2001,11:29:00,89,36.55,,,,,,,
01/01/2001,11:30:00,85,36.55,,,,,,,
01/01/2001,11:31:00,76,36.55,,,,,,,
01/01/2001,11:32:00,89,36.55,,,,,,,
01/01/2001,11:33:00,87,36.55,,,,,,,
01/01/2001,11:34:00,89,36.55,,,,,,,
01/01/2001,11:35:00,90,36.55,,,,,,,
01/01/2001,11:36:00,91,36.55,,,,,,,
01/01/2001,11:37:00,87,36.55,,,,,,,
01/01/2001,11:38:00,86,36.55,,,,,,,
01/01/2001,11:39:00,84,36.55,,,,,,,
01/01/2001,11:40:00,89,36.55,,,,,,,
01/01/2001,11:41:00,90,36.55,,,,,,,
01/01/2001,11:42:00,90,36.55,,,,,,,
01/01/2001,11:43:00,91,36.55,,,,,,,
01/01/2001,11:44:00,83,36.55,,,,,,,
01/01/2001,11:45:00,78,36.55,,,,,,,
01/01/2001,11:46:00,88,36.55,,,,,,,
01/01/2001,11:47:00,87,36.55,,,,,,,
01/01/2001,11:48:00,89,36.55,,,,,,,
01/01/2001,11:49:00,85,36.55,,,,,,,
01/01/2001,11:50:00,76,36.55,,,,,,,
01/01/2001,11:51:00,89,36.55,,,,,,,
01/01/2001,11:52:00,87,36.55,,,,,,,
01/01/2001,11:53:00,89,36.55,,,,,,,
01/01/2001,11:54:00,90,36.55,,,,,,,
01/01/2001,11:55:00,91,36.55,,,,,,,
01/01/2001,11:56:00,87,36.55,,,,,,,
01/01/2001,11:57:00,86,36.55,,,,,,,
01/01/2001,11:58:00,84,36.55,,,,,,,
01/01/2001,11:59:00,89,36.55,,,,,,,
01/01/2001,12:00:00,90,36.55,,,,,,,
01/01/2001,12:01:00,90,36.55,,,,,,,
01/01/2001,12:02:00,91,36.55,,,,,,,
01/01/2001,12:03:00,83,36.55,,,,,,,
01/01/2001,12:04:00,78,36.55,,,,,,,
01/01/2001,12:05:00,88,36.55,,,,,,,
01/01/2001,12:06:00,87,36.55,,,,,,,
01/01/2001,12:07:00,89,36.55,,,,,,,
01/01/2001,12:08:00,85,36.55,,,,,,,
01/01/2001,12:09:00,76,36.55,,,,,,,
01/01/2001,12:10:00,89,36.55,,,,,,,
01/01/2001,12:11:00,87,36.55,,,,,,,
01/01/2001,12:12:00,89,36.55,,,,,,,
01/01/2001,12:13:00,90,36.55,,,,,,,
01/01/2001,12:14:00,91,36.55,,,,,,,
01/01/2001,12:15:00,87,36.55,,,,,,,
01/01/2001,12:16:00,86,36.55,,,,,,,
01/01/2001,12:17:00,84,36.55,,,,,,,
01/01/2001,12:18:00,89,36.55,,,,,,,
01/01/2001,12:19:00,90,36.55,,,,,,,
01/01/2001,12:20:00,90,36.55,,,,,,,
01/01/2001,12:21:00,91,36.55,,,,,,,
01/01/2001,12:22:00,83,36.55,,,,,,,
01/01/2001,12:23:00,78,36.55,,,,,,,
01/01/2001,12:24:00,88,36.55,,,,,,,
01/01/2001,12:25:00,87,36.55,,,,,,,
01/01/2001,12:26:00,89,36.55,,,,,,,
01/01/2001,12:27:00,85,36.55,,,,,,,
01/01/2001,12:28:00,76,36.55,,,,,,,
01/01/2001,12:29:00,89,36.55,,,,,,,
01/01/2001,12:30:00,87,36.55,,,,,,,
01/01/2001,12:31:00,89,36.55,,,,,,,
01/01/2001,12:32:00,90,36.55,,,,,,,
01/01/2001,12:33:00,91,36.55,,,,,,,
01/01/2001,12:34:00,87,36.55,,,,,,,
01/01/2001,12:35:00,86,36.55,,,,,,,
01/01/2001,12:36:00,84,36.55,,,,,,,
01/01/2001,12:37:00,89,36.55,,,,,,,
01/01/2001,12:38:00,90,36.55,,,,,,,
01/01/2001,12:39:00,90,36.55,,,,,,,
01/01/2001,12:40:00,91,36.55,,,,,,,
01/01/2001,12:41:00,83,36.55,,,,,,,
01/01/2001,12:42:00,78,36.55,,,,,,,
01/01/2001,12:43:00,88,36.55,,,,,,,
01/01/2001,12:44:00,87,36.55,,,,,,,
01/01/2001,12:45:00,89,36.55,,,,,,,
01/01/2001,12:46:00,85,36.55,,,,,,,
01/01/2001,12:47:00,76,36.55,,,,,,,
01/01/2001,12:48:00,89,36.55,,,,,,,
01/01/2001,12:49:00,87,36.55,,,,,,,
01/01/2001,12:50:00,89,36.55,,,,,,,
01/01/2001,12:51:00,90,36.55,,,,,,,
01/01/2001,12:52:00,91,36.55,,,,,,,
01/01/2001,12:53:00,87,36.55,,,,,,,
01/01/2001,12:54:00,86,36.55,,,,,,,
01/01/2001,12:55:00,84,36.55,,,,,,,
01/01/2001,12:56:00,89,36.55,,,,,,,
01/01/2001,12:57:00,90,36.55,,,,,,,
01/01/2001,12:58:00,90,36.55,,,,,,,
01/01/2001,12:59:00,91,36.55,,,,,,,
01/01/2001,13:00:00,83,36.55,,,,,,,
01/01/2001,13:01:00,78,36.55,,,,,,,
01/01/2001,13:02:00,88,36.55,,,,,,,
01/01/2001,13:03:00,87,36.55,,,,,,,
01/01/2001,13:04:00,89,36.55,,,,,,,
01/01/2001,13:05:00,85,36.55,,,,,,,
01/01/2001,13:06:00,76,36.55,,,,,,,
01/01/2001,13:07:00,89,36.55,,,,,,,
01/01/2001,13:08:00,87,36.55,,,,,,,
01/01/2001,13:09:00,89,36.55,,,,,,,
01/01/2001,13:10:00,90,36.55,,,,,,,
01/01/2001,13:11:00,91,36.55,,,,,,,
01/01/2001,13:12:00,87,36.55,,,,,,,
01/01/2001,13:13:00,86,36.55,,,,,,,
01/01/2001,13:14:00,84,36.55,,,,,,,
01/01/2001,13:15:00,89,36.55,,,,,,,
01/01/2001,13:16:00,90,36.55,,,,,,,
01/01/2001,13:17:00,90,36.55,,,,,,,
01/01/2001,13:18:00,91,36.55,,,,,,,
01/01/2001,13:19:00,83,36.55,,,,,,,
01/01/2001,13:20:00,78,36.55,,,,,,,
01/01/2001,13:21:00,88,36.55,,,,,,,
01/01/2001,13:22:00,87,36.55,,,,,,,
01/01/2001,13:23:00,89,36.55,,,,,,,
01/01/2001,13:24:00,85,36.55,,,,,,,
01/01/2001,13:25:00,76,36.55,,,,,,,
01/01/2001,13:26:00,89,36.55,,,,,,,
01/01/2001,13:27:00,87,36.55,,,,,,,
01/01/2001,13:28:00,89,36.55,,,,,,,
01/01/2001,13:29:00,90,36.55,,,,,,,
01/01/2001,13:30:00,91,36.55,,,,,,,
01/01/2001,13:31:00,87,36.55,,,,,,,
01/01/2001,13:32:00,86,36.55,,,,,,,
01/01/2001,13:33:00,84,36.55,,,,,,,
01/01/2001,13:34:00,89,36.55,,,,,,,
01/01/2001,13:35:00,90,36.55,,,,,,,
01/01/2001,13:36:00,90,36.55,,,,,,,
01/01/2001,13:37:00,91,36.55,,,,,,,
01/01/2001,13:38:00,83,36.55,,,,,,,
01/01/2001,13:39:00,78,36.55,,,,,,,
01/01/2001,13:40:00,88,36.55,,,,,,,
01/01/2001,13:41:00,87,36.55,,,,,,,
01/01/2001,13:42:00,89,36.55,,,,,,,
01/01/2001,13:43:00,85,36.55,,,,,,,
01/01/2001,13:44:00,76,36.55,,,,,,,
01/01/2001,13:45:00,89,36.55,,,,,,,
01/01/2001,13:46:00,87,36.55,,,,,,,
01/01/2001,13:47:00,89,36.55,,,,,,,
01/01/2001,13:48:00,90,36.55,,,,,,,
01/01/2001,13:49:00,91,36.55,,,,,,,
01/01/2001,13:50:00,87,36.55,,,,,,,
01/01/2001,13:51:00,86,36.55,,,,,,,
01/01/2001,13:52:00,84,36.55,,,,,,,
01/01/2001,13:53:00,89,36.55,,,,,,,
01/01/2001,13:54:00,90,36.55,,,,,,,
01/01/2001,13:55:00,90,36.55,,,,,,,
01/01/2001,13:56:00,91,36.55,,,,,,,
01/01/2001,13:57:00,84,36.55,,,,,,,
01/01/2001,13:58:00,89,36.55,,,,,,,
01/01/2001,13:59:00,90,36.55,,,,,,,
01/01/2001,14:00:00,90,37,,,,,,,
01/01/2001,14:01:00,91,37,,,,,,,
01/01/2001,14:02:00,83,37,,,,,,,
01/01/2001,14:03:00,78,37,,,,,,,
01/01/2001,14:04:00,88,37,,,,,,,
01/01/2001,14:05:00,87,37,,,,,,,
01/01/2001,14:06:00,89,37,,,,,,,
01/01/2001,14:07:00,85,37,,,,,,,
01/01/2001,14:08:00,76,37,,,,,,,
01/01/2001,14:09:00,89,37,,,,,,,
01/01/2001,14:10:00,87,37,,,,,,,
01/01/2001,14:11:00,89,37,,,,,,,
01/01/2001,14:12:00,90,37,,,,,,,
01/01/2001,14:13:00,91,37,,,,,,,
01/01/2001,14:14:00,87,37,,,,,,,
01/01/2001,14:15:00,86,37,,,,,,,
01/01/2001,14:16:00,84,37,,,,,,,
01/01/2001,14:17:00,89,37,,,,,,,
01/01/2001,14:18:00,90,37,,,,,,,
01/01/2001,14:19:00,90,37,,,,,,,
01/01/2001,14:20:00,91,37,,,,,,,
01/01/2001,14:21:00,83,37,,,,,,,
01/01/2001,14:22:00,78,37,,,,,,,
01/01/2001,14:23:00,88,37,,,,,,,
01/01/2001,14:24:00,87,37,,,,,,,
01/01/2001,14:25:00,89,37,,,,,,,
01/01/2001,14:26:00,85,37,,,,,,,
01/01/2001,14:27:00,76,37,,,,,,,
01/01/2001,14:28:00,89,37,,,,,,,
01/01/2001,14:29:00,87,37,,,,,,,
01/01/2001,14:30:00,89,37,,,,,,,
01/01/2001,14:31:00,90,37,,,,,,,
01/01/2001,14:32:00,91,37,,,,,,,
01/01/2001,14:33:00,87,37,,,,,,,
01/01/2001,14:34:00,86,37,,,,,,,
01/01/2001,14:35:00,84,37,,,,,,,
01/01/2001,14:36:00,89,37,,,,,,,
01/01/2001,14:37:00,90,37,,,,,,,
01/01/2001,14:38:00,90,37,,,,,,,
01/01/2001,14:39:00,91,37,,,,,,,
01/01/2001,14:40:00,83,37,,,,,,,
01/01/2001,14:41:00,78,37,,,,,,,
01/01/2001,14:42:00,88,37,,,,,,,
01/01/2001,14:43:00,87,37,,,,,,,
01/01/2001,14:44:00,89,37,,,,,,,
01/01/2001,14:45:00,85,37,,,,,,,
01/01/2001,14:46:00,76,37,,,,,,,
01/01/2001,14:47:00,89,37,,,,,,,
01/01/2001,14:48:00,87,37,,,,,,,
01/01/2001,14:49:00,89,37,,,,,,,
01/01/2001,14:50:00,90,37,,,,,,,
01/01/2001,14:51:00,91,37,,,,,,,
01/01/2001,14:52:00,87,37,,,,,,,
01/01/2001,14:53:00,86,37,,,,,,,
01/01/2001,14:54:00,84,37,,,,,,,
01/01/2001,14:55:00,89,37,,,,,,,
01/01/2001,14:56:00,90,37,,,,,,,
01/01/2001,14:57:00,90,37,,,,,,,
01/01/2001,14:58:00,91,37,,,,,,,
01/01/2001,14:59:00,83,37,,,,,,,
01/01/2001,15:00:00,78,37,,,,,,,
01/01/2001,15:01:00,88,37,,,,,,,
01/01/2001,15:02:00,87,37,,,,,,,
01/01/2001,15:03:00,89,37,,,,,,,
01/01/2001,15:04:00,85,37,,,,,,,
01/01/2001,15:05:00,76,37,,,,,,,
01/01/2001,15:06:00,89,37,,,,,,,
01/01/2001,15:07:00,87,37,,,,,,,
01/01/2001,15:08:00,89,37,,,,,,,
01/01/2001,15:09:00,90,37,,,,,,,
01/01/2001,15:10:00,91,37,,,,,,,
01/01/2001,15:11:00,87,37,,,,,,,
01/01/2001,15:12:00,86,37,,,,,,,
01/01/2001,15:13:00,84,37,,,,,,,
01/01/2001,15:14:00,89,37,,,,,,,
01/01/2001,15:15:00,90,37,,,,,,,
01/01/2001,15:16:00,90,37,,,,,,,
01/01/2001,15:17:00,91,37,,,,,,,
01/01/2001,15:18:00,83,37,,,,,,,
01/01/2001,15:19:00,78,37,,,,,,,
01/01/2001,15:20:00,88,37,,,,,,,
01/01/2001,15:21:00,87,37,,,,,,,
01/01/2001,15:22:00,89,37,,,,,,,
01/01/2001,15:23:00,85,37,,,,,,,
01/01/2001,15:24:00,76,37,,,,,,,
01/01/2001,15:25:00,89,37,,,,,,,
01/01/2001,15:26:00,87,37,,,,,,,
01/01/2001,15:27:00,89,37,,,,,,,
01/01/2001,15:28:00,90,37,,,,,,,
01/01/2001,15:29:00,91,37,,,,,,,
01/01/2001,15:30:00,87,37,,,,,,,
01/01/2001,15:31:00,86,37,,,,,,,
01/01/2001,15:32:00,84,37,,,,,,,
01/01/2001,15:33:00,89,37.22,,,,,,,
01/01/2001,15:34:00,90,37.22,,,,,,,
01/01/2001,15:35:00,90,37.22,,,,,,,
01/01/2001,15:36:00,84,37.22,,,,,,,
01/01/2001,15:37:00,89,37.22,,,,,,,
01/01/2001,15:38:00,90,37.22,,,,,,,
01/01/2001,15:39:00,90,37.22,,,,,,,
01/01/2001,15:40:00,91,37.22,,,,,,,
01/01/2001,15:41:00,83,37.22,,,,,,,
01/01/2001,15:42:00,78,37.22,,,,,,,
01/01/2001,15:43:00,88,37.22,,,,,,,
01/01/2001,15:44:00,87,37.22,,,,,,,
01/01/2001,15:45:00,89,37.22,,,,,,,
01/01/2001,15:46:00,85,37.22,,,,,,,
01/01/2001,15:47:00,76,37.22,,,,,,,
01/01/2001,15:48:00,89,37.22,,,,,,,
01/01/2001,15:49:00,87,37.22,,,,,,,
01/01/2001,15:50:00,89,37.22,,,,,,,
01/01/2001,15:51:00,90,37.22,,,,,,,
01/01/2001,15:52:00,91,37.22,,,,,,,
01/01/2001,15:53:00,87,37.22,,,,,,,
01/01/2001,15:54:00,86,37.22,,,,,,,
01/01/2001,15:55:00,84,37.22,,,,,,,
01/01/2001,15:56:00,89,37.22,,,,,,,
01/01/2001,15:57:00,90,37.22,,,,,,,
01/01/2001,15:58:00,90,37.22,,,,,,,
01/01/2001,15:59:00,91,37.22,,,,,,,
01/01/2001,16:00:00,83,37.22,,,,,,,
01/01/2001,16:01:00,78,37.22,,,,,,,
01/01/2001,16:02:00,88,37.22,,,,,,,
01/01/2001,16:03:00,87,37.22,,,,,,,
01/01/2001,16:04:00,89,37.22,,,,,,,
01/01/2001,16:05:00,85,37.22,,,,,,,
01/01/2001,16:06:00,76,37.22,,,,,,,
01/01/2001,16:07:00,89,37.22,,,,,,,
01/01/2001,16:08:00,87,37.22,,,,,,,
01/01/2001,16:09:00,89,37.22,,,,,,,
01/01/2001,16:10:00,90,37.22,,,,,,,
01/01/2001,16:11:00,91,37.22,,,,,,,
01/01/2001,16:12:00,87,37.22,,,,,,,
01/01/2001,16:13:00,86,37.22,,,,,,,
01/01/2001,16:14:00,84,37.22,,,,,,,
01/01/2001,16:15:00,89,37.22,,,,,,,
01/01/2001,16:16:00,90,37.22,,,,,,,
01/01/2001,16:17:00,90,37.22,,,,,,,
01/01/2001,16:18:00,91,37.22,,,,,,,
01/01/2001,16:19:00,83,37.22,,,,,,,
01/01/2001,16:20:00,78,37.22,,,,,,,
01/01/2001,16:21:00,88,37.22,,,,,,,
01/01/2001,16:22:00,87,37.22,,,,,,,
01/01/2001,16:23:00,89,37.22,,,,,,,
01/01/2001,16:24:00,85,37.22,,,,,,,
01/01/2001,16:25:00,76,37.22,,,,,,,
01/01/2001,16:26:00,89,37.22,,,,,,,
01/01/2001,16:27:00,87,37.22,,,,,,,
01/01/2001,16:28:00,89,37.22,,,,,,,
01/01/2001,16:29:00,90,37.22,,,,,,,
01/01/2001,16:30:00,91,37.22,,,,,,,
01/01/2001,16:31:00,87,37.22,,,,,,,
01/01/2001,16:32:00,86,37.22,,,,,,,
01/01/2001,16:33:00,84,37.22,,,,,,,
01/01/2001,16:34:00,89,37.22,,,,,,,
01/01/2001,16:35:00,90,37.22,,,,,,,
01/01/2001,16:36:00,90,37.22,,,,,,,
01/01/2001,16:37:00,91,37.22,,,,,,,
01/01/2001,16:38:00,83,37.22,,,,,,,
01/01/2001,16:39:00,78,37.22,,,,,,,
01/01/2001,16:40:00,88,37.22,,,,,,,
01/01/2001,16:41:00,87,37.22,,,,,,,
01/01/2001,16:42:00,89,37.22,,,,,,,
01/01/2001,16:43:00,85,37.22,,,,,,,
01/01/2001,16:44:00,76,37.22,,,,,,,
01/01/2001,16:45:00,89,37.22,,,,,,,
01/01/2001,16:46:00,87,37.22,,,,,,,
01/01/2001,16:47:00,89,37.22,,,,,,,
01/01/2001,16:48:00,90,37.22,,,,,,,
01/01/2001,16:49:00,91,37.22,,,,,,,
01/01/2001,16:50:00,87,37.22,,,,,,,
01/01/2001,16:51:00,86,37.22,,,,,,,
01/01/2001,16:52:00,84,37.22,,,,,,,
01/01/2001,16:53:00,89,37.22,,,,,,,
01/01/2001,16:54:00,90,37.22,,,,,,,
01/01/2001,16:55:00,90,37.22,,,,,,,
01/01/2001,16:56:00,91,37.22,,,,,,,
01/01/2001,16:57:00,83,37.22,,,,,,,
01/01/2001,16:58:00,78,37.22,,,,,,,
01/01/2001,16:59:00,88,37.22,,,,,,,
01/01/2001,17:00:00,87,37.22,,,,,,,
01/01/2001,17:01:00,89,37.22,,,,,,,
01/01/2001,17:02:00,85,37.22,,,,,,,
01/01/2001,17:03:00,76,37.22,,,,,,,
01/01/2001,17:04:00,89,37.22,,,,,,,
01/01/2001,17:05:00,87,37.22,,,,,,,
01/01/2001,17:06:00,89,37.22,,,,,,,
01/01/2001,17:07:00,90,37.22,,,,,,,
01/01/2001,17:08:00,91,37.22,,,,,,,
01/01/2001,17:09:00,87,37.22,,,,,,,
01/01/2001,17:10:00,86,37.22,,,,,,,
01/01/2001,17:11:00,84,37.22,,,,,,,
01/01/2001,17:12:00,89,37.22,,,,,,,
01/01/2001,17:13:00,90,37.22,,,,,,,
01/01/2001,17:14:00,90,37.22,,,,,,,
01/01/2001,17:15:00,84,37.22,,,,,,,
01/01/2001,17:16:00,89,37.22,,,,,,,
01/01/2001,17:17:00,90,37.22,,,,,,,
01/01/2001,17:18:00,90,37.22,,,,,,,
01/01/2001,17:19:00,91,37.22,,,,,,,
01/01/2001,17:20:00,83,37.22,,,,,,,
01/01/2001,17:21:00,78,37.22,,,,,,,
01/01/2001,17:22:00,88,37.22,,,,,,,
01/01/2001,17:23:00,87,37.22,,,,,,,
01/01/2001,17:24:00,89,37.22,,,,,,,
01/01/2001,17:25:00,85,37.22,,,,,,,
01/01/2001,17:26:00,76,37.22,,,,,,,
01/01/2001,17:27:00,89,37.22,,,,,,,
01/01/2001,17:28:00,87,37.22,,,,,,,
01/01/2001,17:29:00,89,37.22,,,,,,,
01/01/2001,17:30:00,90,37.22,,,,,,,
01/01/2001,17:31:00,91,37.22,,,,,,,
01/01/2001,17:32:00,87,37.22,,,,,,,
01/01/2001,17:33:00,86,37.22,,,,,,,
01/01/2001,17:34:00,84,37.22,,,,,,,
01/01/2001,17:35:00,89,37.22,,,,,,,
01/01/2001,17:36:00,90,37.22,,,,,,,
01/01/2001,17:37:00,90,37.22,,,,,,,
01/01/2001,17:38:00,91,37.22,,,,,,,
01/01/2001,17:39:00,83,37.22,,,,,,,
01/01/2001,17:40:00,78,37.22,,,,,,,
01/01/2001,17:41:00,88,37.22,,,,,,,
01/01/2001,17:42:00,87,37.22,,,,,,,
01/01/2001,17:43:00,89,37.22,,,,,,,
01/01/2001,17:44:00,85,37.22,,,,,,,
01/01/2001,17:45:00,76,37.22,,,,,,,
01/01/2001,17:46:00,89,37.22,,,,,,,
01/01/2001,17:47:00,87,37.22,,,,,,,
01/01/2001,17:48:00,89,37.22,,,,,,,
01/01/2001,17:49:00,90,37.22,,,,,,,
01/01/2001,17:50:00,91,37.22,,,,,,,
01/01/2001,17:51:00,87,37.22,,,,,,,
01/01/2001,17:52:00,86,37.22,,,,,,,
01/01/2001,17:53:00,84,37.22,,,,,,,
01/01/2001,17:54:00,89,37.22,,,,,,,
01/01/2001,17:55:00,90,37.22,,,,,,,
01/01/2001,17:56:00,90,37.22,,,,,,,
01/01/2001,17:57:00,91,37.22,,,,,,,
01/01/2001,17:58:00,83,37.22,,,,,,,
01/01/2001,17:59:00,78,37.22,,,,,,,
01/01/2001,18:00:00,88,37.22,,,,,,,
01/01/2001,18:01:00,87,37.22,,,,,,,
01/01/2001,18:02:00,89,37.22,,,,,,,
01/01/2001,18:03:00,85,37.22,,,,,,,
01/01/2001,18:04:00,76,37.22,,,,,,,
01/01/2001,18:05:00,89,37.22,,,,,,,
01/01/2001,18:06:00,87,37.22,,,,,,,
01/01/2001,18:07:00,89,37.22,,,,,,,
01/01/2001,18:08:00,90,37.22,,,,,,,
01/01/2001,18:09:00,91,37.22,,,,,,,
01/01/2001,18:10:00,87,37.22,,,,,,,
01/01/2001,18:11:00,86,37.22,,,,,,,
01/01/2001,18:12:00,84,37.22,,,,,,,
01/01/2001,18:13:00,89,37.22,,,,,,,
01/01/2001,18:14:00,90,37.22,,,,,,,
01/01/2001,18:15:00,90,37.22,,,,,,,
01/01/2001,18:16:00,91,37.22,,,,,,,
01/01/2001,18:17:00,83,37.22,,,,,,,
01/01/2001,18:18:00,78,37.22,,,,,,,
01/01/2001,18:19:00,88,37.22,,,,,,,
01/01/2001,18:20:00,87,37.22,,,,,,,
01/01/2001,18:21:00,89,37.22,,,,,,,
01/01/2001,18:22:00,85,37.22,,,,,,,
01/01/2001,18:23:00,76,37.44,,,,,,,
01/01/2001,18:24:00,89,37.44,,,,,,,
01/01/2001,18:25:00,87,37.44,,,,,,,
01/01/2001,18:26:00,89,37.44,,,,,,,
01/01/2001,18:27:00,90,37.44,,,,,,,
01/01/2001,18:28:00,91,37.44,,,,,,,
01/01/2001,18:29:00,87,37.44,,,,,,,
01/01/2001,18:30:00,86,37.44,,,,,,,
01/01/2001,18:31:00,84,37.44,,,,,,,
01/01/2001,18:32:00,89,37.44,,,,,,,
01/01/2001,18:33:00,90,37.44,,,,,,,
01/01/2001,18:34:00,90,37.44,,,,,,,
01/01/2001,18:35:00,91,37.44,,,,,,,
01/01/2001,18:36:00,83,37.44,,,,,,,
01/01/2001,18:37:00,78,37.44,,,,,,,
01/01/2001,18:38:00,88,37.44,,,,,,,
01/01/2001,18:39:00,87,37.44,,,,,,,
01/01/2001,18:40:00,89,37.44,,,,,,,
01/01/2001,18:41:00,85,37.44,,,,,,,
01/01/2001,18:42:00,76,37.44,,,,,,,
01/01/2001,18:43:00,89,37.44,,,,,,,
01/01/2001,18:44:00,87,37.44,,,,,,,
01/01/2001,18:45:00,89,37.44,,,,,,,
01/01/2001,18:46:00,90,37.44,,,,,,,
01/01/2001,18:47:00,91,37.44,,,,,,,
01/01/2001,18:48:00,87,37.44,,,,,,,
01/01/2001,18:49:00,86,37.44,,,,,,,
01/01/2001,18:50:00,84,37.44,,,,,,,
01/01/2001,18:51:00,89,37.44,,,,,,,
01/01/2001,18:52:00,90,37.44,,,,,,,
01/01/2001,18:53:00,90,37.44,,,,,,,
01/01/2001,18:54:00,77,37.44,,,,,,,
01/01/2001,18:55:00,77,37.44,,,,,,,
01/01/2001,18:56:00,76,37.44,,,,,,,
01/01/2001,18:57:00,76,37.44,,,,,,,
01/01/2001,18:58:00,75,37.44,,,,,,,
01/01/2001,18:59:00,78,37.44,,,,,,,
01/01/2001,19:00:00,77,37.44,,,,,,,
01/01/2001,19:01:00,79,37.44,,,,,,,
01/01/2001,19:02:00,65,37.44,,,,,,,
01/01/2001,19:03:00,67,37.44,,,,,,,
01/01/2001,19:04:00,78,37.44,,,,,,,
01/01/2001,19:05:00,60,37.44,,,,,,,
01/01/2001,19:06:00,63,37.44,,,,,,,
01/01/2001,19:07:00,63,37.44,,,,,,,
01/01/2001,19:08:00,65,37.44,,,,,,,
01/01/2001,19:09:00,67,37.44,,,,,,,
01/01/2001,19:10:00,67,37.44,,,,,,,
01/01/2001,19:11:00,80,37.44,,,,,,,
01/01/2001,19:12:00,81,37.44,,,,,,,
01/01/2001,19:13:00,82,37.44,,,,,,,
01/01/2001,19:14:00,80,37.44,,,,,,,
01/01/2001,19:15:00,79,37.44,,,,,,,
01/01/2001,19:16:00,83,37.44,,,,,,,
01/01/2001,19:17:00,78,37.44,,,,,,,
01/01/2001,19:18:00,67,37.44,,,,,,,
01/01/2001,19:19:00,78,37.44,,,,,,,
01/01/2001,19:20:00,60,37.44,,,,,,,
01/01/2001,19:21:00,63,37.44,,,,,,,
01/01/2001,19:22:00,63,37.44,,,,,,,
01/01/2001,19:23:00,65,37.44,,,,,,,
01/01/2001,19:24:00,67,37.44,,,,,,,
01/01/2001,19:25:00,67,37.44,,,,,,,
01/01/2001,19:26:00,80,37.44,,,,,,,
01/01/2001,19:27:00,81,37.44,,,,,,,
01/01/2001,19:28:00,82,37.44,,,,,,,
01/01/2001,19:29:00,80,37.44,,,,,,,
01/01/2001,19:30:00,79,37.44,,,,,,,
01/01/2001,19:31:00,83,37.44,,,,,,,
01/01/2001,19:32:00,78,37.44,,,,,,,
01/01/2001,19:33:00,67,37.44,,,,,,,
01/01/2001,19:34:00,78,37.44,,,,,,,
01/01/2001,19:35:00,60,37.44,,,,,,,
01/01/2001,19:36:00,63,37.44,,,,,,,
01/01/2001,19:37:00,63,37.44,,,,,,,
01/01/2001,19:38:00,65,37.44,,,,,,,
01/01/2001,19:39:00,67,37.44,,,,,,,
01/01/2001,19:40:00,67,37.44,,,,,,,
01/01/2001,19:41:00,80,37.44,,,,,,,
01/01/2001,19:42:00,81,37.44,,,,,,,
01/01/2001,19:43:00,82,37.44,,,,,,,
01/01/2001,19:44:00,80,37.44,,,,,,,
01/01/2001,19:45:00,79,37.44,,,,,,,
01/01/2001,19:46:00,83,37.44,,,,,,,
01/01/2001,19:47:00,78,37.44,,,,,,,
01/01/2001,19:48:00,88,37.44,,,,,,,
01/01/2001,19:49:00,87,37.44,,,,,,,
01/01/2001,19:50:00,89,37.44,,,,,,,
01/01/2001,19:51:00,85,37.44,,,,,,,
01/01/2001,19:52:00,76,37.44,,,,,,,
01/01/2001,19:53:00,89,37.44,,,,,,,
01/01/2001,19:54:00,87,37.44,,,,,,,
01/01/2001,19:55:00,77,37.44,,,,,,,
01/01/2001,19:56:00,77,37.44,,,,,,,
01/01/2001,19:57:00,76,37.44,,,,,,,
01/01/2001,19:58:00,76,37.44,,,,,,,
01/01/2001,19:59:00,75,37.44,,,,,,,
01/01/2001,20:00:00,78,37.44,,,,,,,
01/01/2001,20:01:00,77,37.44,,,,,,,
01/01/2001,20:02:00,79,37.44,,,,,,,
01/01/2001,20:03:00,65,37.44,,,,,,,
01/01/2001,20:04:00,67,37.44,,,,,,,
01/01/2001,20:05:00,78,37.44,,,,,,,
01/01/2001,20:06:00,60,37.44,,,,,,,
01/01/2001,20:07:00,63,37.44,,,,,,,
01/01/2001,20:08:00,63,37.44,,,,,,,
01/01/2001,20:09:00,65,37.44,,,,,,,
01/01/2001,20:10:00,67,37.44,,,,,,,
01/01/2001,20:11:00,67,37.44,,,,,,,
01/01/2001,20:12:00,80,37.44,,,,,,,
01/01/2001,20:13:00,81,37.44,,,,,,,
01/01/2001,20:14:00,82,37.44,,,,,,,
01/01/2001,20:15:00,80,37.44,,,,,,,
01/01/2001,20:16:00,79,37.44,,,,,,,
01/01/2001,20:17:00,83,37.44,,,,,,,
01/01/2001,20:18:00,78,37.44,,,,,,,
01/01/2001,20:19:00,67,37.44,,,,,,,
01/01/2001,20:20:00,78,37.44,,,,,,,
01/01/2001,20:21:00,60,37.44,,,,,,,
01/01/2001,20:22:00,63,37.44,,,,,,,
01/01/2001,20:23:00,63,37.44,,,,,,,
01/01/2001,20:24:00,65,37.44,,,,,,,
01/01/2001,20:25:00,67,37.44,,,,,,,
01/01/2001,20:26:00,67,37.44,,,,,,,
01/01/2001,20:27:00,80,37.44,,,,,,,
01/01/2001,20:28:00,81,37.44,,,,,,,
01/01/2001,20:29:00,82,37.44,,,,,,,
01/01/2001,20:30:00,80,37.44,,,,,,,
01/01/2001,20:31:00,79,37.44,,,,,,,
01/01/2001,20:32:00,83,37.44,,,,,,,
01/01/2001,20:33:00,78,37.44,,,,,,,
01/01/2001,20:34:00,67,37.44,,,,,,,
01/01/2001,20:35:00,78,37.44,,,,,,,
01/01/2001,20:36:00,60,37.44,,,,,,,
01/01/2001,20:37:00,63,37.44,,,,,,,
01/01/2001,20:38:00,63,37.44,,,,,,,
01/01/2001,20:39:00,65,37.44,,,,,,,
01/01/2001,20:40:00,67,37.44,,,,,,,
01/01/2001,20:41:00,67,37.44,,,,,,,
01/01/2001,20:42:00,80,37.44,,,,,,,
01/01/2001,20:43:00,81,37.44,,,,,,,
01/01/2001,20:44:00,82,37.44,,,,,,,
01/01/2001,20:45:00,80,37.44,,,,,,,
01/01/2001,20:46:00,79,37.44,,,,,,,
01/01/2001,20:47:00,83,37.44,,,,,,,
01/01/2001,20:48:00,78,37.44,,,,,,,
01/01/2001,20:49:00,88,37.44,,,,,,,
01/01/2001,20:50:00,87,37.44,,,,,,,
01/01/2001,20:51:00,89,37.44,,,,,,,
01/01/2001,20:52:00,85,37.44,,,,,,,
01/01/2001,20:53:00,76,37.44,,,,,,,
01/01/2001,20:54:00,89,37.44,,,,,,,
01/01/2001,20:55:00,87,37.44,,,,,,,
01/01/2001,20:56:00,77,37.44,,,,,,,
01/01/2001,20:57:00,77,37.44,,,,,,,
01/01/2001,20:58:00,76,37.44,,,,,,,
01/01/2001,20:59:00,76,37.44,,,,,,,
01/01/2001,21:00:00,75,37.44,,,,,,,
01/01/2001,21:01:00,78,37.44,,,,,,,
01/01/2001,21:02:00,77,37.44,,,,,,,
01/01/2001,21:03:00,79,37.44,,,,,,,
01/01/2001,21:04:00,65,37.44,,,,,,,
01/01/2001,21:05:00,67,37.44,,,,,,,
01/01/2001,21:06:00,78,37.44,,,,,,,
01/01/2001,21:07:00,60,37.44,,,,,,,
01/01/2001,21:08:00,63,37.44,,,,,,,
01/01/2001,21:09:00,63,37.44,,,,,,,
01/01/2001,21:10:00,65,37.44,,,,,,,
01/01/2001,21:11:00,67,37.44,,,,,,,
01/01/2001,21:12:00,67,37.44,,,,,,,
01/01/2001,21:13:00,80,37.44,,,,,,,
01/01/2001,21:14:00,81,37.44,,,,,,,
01/01/2001,21:15:00,82,37.44,,,,,,,
01/01/2001,21:16:00,80,37.44,,,,,,,
01/01/2001,21:17:00,79,37.44,,,,,,,
01/01/2001,21:18:00,83,37.44,,,,,,,
01/01/2001,21:19:00,78,37.44,,,,,,,
01/01/2001,21:20:00,67,37.44,,,,,,,
01/01/2001,21:21:00,78,37.44,,,,,,,
01/01/2001,21:22:00,60,37.44,,,,,,,
01/01/2001,21:23:00,63,37.44,,,,,,,
01/01/2001,21:24:00,63,37.44,,,,,,,
01/01/2001,21:25:00,65,37.44,,,,,,,
01/01/2001,21:26:00,67,37.44,,,,,,,
01/01/2001,21:27:00,67,37.44,,,,,,,
01/01/2001,21:28:00,80,37.44,,,,,,,
01/01/2001,21:29:00,81,37.44,,,,,,,
01/01/2001,21:30:00,82,37.44,,,,,,,
01/01/2001,21:31:00,80,37.44,,,,,,,
01/01/2001,21:32:00,79,37.44,,,,,,,
01/01/2001,21:33:00,83,37.44,,,,,,,
01/01/2001,21:34:00,78,37.44,,,,,,,
01/01/2001,21:35:00,67,37.44,,,,,,,
01/01/2001,21:36:00,78,37.44,,,,,,,
01/01/2001,21:37:00,60,37.44,,,,,,,
01/01/2001,21:38:00,63,37.44,,,,,,,
01/01/2001,21:39:00,63,37.44,,,,,,,
01/01/2001,21:40:00,65,37.44,,,,,,,
01/01/2001,21:41:00,67,37.44,,,,,,,
01/01/2001,21:42:00,67,37.44,,,,,,,
01/01/2001,21:43:00,80,37.44,,,,,,,
01/01/2001,21:44:00,81,37.44,,,,,,,
01/01/2001,21:45:00,82,37.44,,,,,,,
01/01/2001,21:46:00,77,37.44,,,,,,,
01/01/2001,21:47:00,77,37.44,,,,,,,
01/01/2001,21:48:00,76,37.44,,,,,,,
01/01/2001,21:49:00,76,37.44,,,,,,,
01/01/2001,21:50:00,75,37.44,,,,,,,
01/01/2001,21:51:00,78,37.44,,,,,,,
01/01/2001,21:52:00,77,37.44,,,,,,,
01/01/2001,21:53:00,79,37.44,,,,,,,
01/01/2001,21:54:00,65,37.44,,,,,,,
01/01/2001,21:55:00,67,37.44,,,,,,,
01/01/2001,21:56:00,78,37.44,,,,,,,
01/01/2001,21:57:00,60,37.44,,,,,,,
01/01/2001,21:58:00,63,37.44,,,,,,,
01/01/2001,21:59:00,63,37.44,,,,,,,
01/01/2001,22:00:00,65,37.44,,,,,,,
01/01/2001,22:01:00,67,37.44,,,,,,,
01/01/2001,22:02:00,67,37.44,,,,,,,
01/01/2001,22:03:00,77,37.44,,,,,,,
01/01/2001,22:04:00,77,37.44,,,,,,,
01/01/2001,22:05:00,76,37.44,,,,,,,
01/01/2001,22:06:00,76,37.44,,,,,,,
01/01/2001,22:07:00,75,37.44,,,,,,,
01/01/2001,22:08:00,78,37.44,,,,,,,
01/01/2001,22:09:00,77,37.44,,,,,,,
01/01/2001,22:10:00,79,37.44,,,,,,,
01/01/2001,22:11:00,65,37.44,,,,,,,
01/01/2001,22:12:00,67,37.44,,,,,,,
01/01/2001,22:13:00,78,37.44,,,,,,,
01/01/2001,22:14:00,60,37.44,,,,,,,
01/01/2001,22:15:00,63,37.44,,,,,,,
01/01/2001,22:16:00,63,37.33,,,,,,,
01/01/2001,22:17:00,65,37.33,,,,,,,
01/01/2001,22:18:00,67,37.33,,,,,,,
01/01/2001,22:19:00,67,37.33,,,,,,,
01/01/2001,22:20:00,53,37.33,,,,,,,
01/01/2001,22:21:00,56,37.33,,,,,,,
01/01/2001,22:22:00,57,37.33,,,,,,,
01/01/2001,22:23:00,55,37.33,,,,,,,
01/01/2001,22:24:00,56,37.33,,,,,,,
01/01/2001,22:25:00,56,37.33,,,,,,,
01/01/2001,22:26:00,57,37.33,,,,,,,
01/01/2001,22:27:00,54,37.33,,,,,,,
01/01/2001,22:28:00,54,37.33,,,,,,,
01/01/2001,22:29:00,53,37.33,,,,,,,
01/01/2001,22:30:00,56,37.33,,,,,,,
01/01/2001,22:31:00,57,37.33,,,,,,,
01/01/2001,22:32:00,55,37.33,,,,,,,
01/01/2001,22:33:00,56,37.33,,,,,,,
01/01/2001,22:34:00,56,37.33,,,,,,,
01/01/2001,22:35:00,57,37.33,,,,,,,
01/01/2001,22:36:00,54,37.33,,,,,,,
01/01/2001,22:37:00,54,37.33,,,,,,,
01/01/2001,22:38:00,53,37.33,,,,,,,
01/01/2001,22:39:00,56,37.33,,,,,,,
01/01/2001,22:40:00,57,37.33,,,,,,,
01/01/2001,22:41:00,55,37.33,,,,,,,
01/01/2001,22:42:00,56,37.33,,,,,,,
01/01/2001,22:43:00,56,37.33,,,,,,,
01/01/2001,22:44:00,57,37.33,,,,,,,
01/01/2001,22:45:00,54,37.33,,,,,,,
01/01/2001,22:46:00,54,37.33,,,,,,,
01/01/2001,22:47:00,53,37.33,,,,,,,
01/01/2001,22:48:00,56,37.33,,,,,,,
01/01/2001,22:49:00,53,37.33,,,,,,,
01/01/2001,22:50:00,56,37.33,,,,,,,
01/01/2001,22:51:00,57,37.33,,,,,,,
01/01/2001,22:52:00,55,37.33,,,,,,,
01/01/2001,22:53:00,56,37.33,,,,,,,
01/01/2001,22:54:00,56,37.33,,,,,,,
01/01/2001,22:55:00,57,37.33,,,,,,,
01/01/2001,22:56:00,54,37.33,,,,,,,
01/01/2001,22:57:00,54,37.33,,,,,,,
01/01/2001,22:58:00,53,37.33,,,,,,,
01/01/2001,22:59:00,56,37.33,,,,,,,
01/01/2001,23:00:00,57,37.33,,,,,,,
01/01/2001,23:01:00,55,37.33,,,,,,,
01/01/2001,23:02:00,56,37.33,,,,,,,
01/01/2001,23:03:00,56,37.33,,,,,,,
01/01/2001,23:04:00,57,37.33,,,,,,,
01/01/2001,23:05:00,54,37.33,,,,,,,
01/01/2001,23:06:00,54,37.33,,,,,,,
01/01/2001,23:07:00,53,37.33,,,,,,,
01/01/2001,23:08:00,56,37.33,,,,,,,
01/01/2001,23:09:00,57,37.33,,,,,,,
01/01/2001,23:10:00,55,37.33,,,,,,,
01/01/2001,23:11:00,56,37.33,,,,,,,
01/01/2001,23:12:00,56,37.33,,,,,,,
01/01/2001,23:13:00,57,37.33,,,,,,,
01/01/2001,23:14:00,54,37.33,,,,,,,
01/01/2001,23:15:00,54,37.33,,,,,,,
01/01/2001,23:16:00,53,37.33,,,,,,,
01/01/2001,23:17:00,56,37.33,,,,,,,
01/01/2001,23:18:00,53,37.33,,,,,,,
01/01/2001,23:19:00,56,37.33,,,,,,,
01/01/2001,23:20:00,57,37.33,,,,,,,
01/01/2001,23:21:00,55,37.33,,,,,,,
01/01/2001,23:22:00,56,37.33,,,,,,,
01/01/2001,23:23:00,56,37.33,,,,,,,
01/01/2001,23:24:00,57,37.33,,,,,,,
01/01/2001,23:25:00,54,37.33,,,,,,,
01/01/2001,23:26:00,54,37.33,,,,,,,
01/01/2001,23:27:00,53,37.33,,,,,,,
01/01/2001,23:28:00,56,37.33,,,,,,,
01/01/2001,23:29:00,57,37.33,,,,,,,
01/01/2001,23:30:00,55,37.33,,,,,,,
01/01/2001,23:31:00,56,37.33,,,,,,,
01/01/2001,23:32:00,56,37.33,,,,,,,
01/01/2001,23:33:00,57,37.33,,,,,,,
01/01/2001,23:34:00,54,37.33,,,,,,,
01/01/2001,23:35:00,54,37.33,,,,,,,
01/01/2001,23:36:00,53,37.33,,,,,,,
01/01/2001,23:37:00,56,37.33,,,,,,,
01/01/2001,23:38:00,57,37.33,,,,,,,
01/01/2001,23:39:00,55,37.33,,,,,,,
01/01/2001,23:40:00,56,37.33,,,,,,,
01/01/2001,23:41:00,56,37.33,,,,,,,
01/01/2001,23:42:00,57,37.33,,,,,,,
01/01/2001,23:43:00,54,37.33,,,,,,,
01/01/2001,23:44:00,54,37.33,,,,,,,
01/01/2001,23:45:00,53,37.33,,,,,,,
01/01/2001,23:46:00,56,37.33,,,,,,,
01/01/2001,23:47:00,53,37.33,,,,,,,
01/01/2001,23:48:00,56,37.33,,,,,,,
01/01/2001,23:49:00,57,37.33,,,,,,,
01/01/2001,23:50:00,55,37.33,,,,,,,
01/01/2001,23:51:00,56,37.33,,,,,,,
01/01/2001,23:52:00,56,37.33,,,,,,,
01/01/2001,23:53:00,57,36.77,,,,,,,
01/01/2001,23:54:00,54,36.77,,,,,,,
01/01/2001,23:55:00,54,36.77,,,,,,,
01/01/2001,23:56:00,53,36.77,,,,,,,
01/01/2001,23:57:00,56,36.77,,,,,,,
01/01/2001,23:58:00,57,36.77,,,,,,,
01/01/2001,23:59:00,55,36.77,,,,,,,